,Annual_Return,Annualized_Volatility,Sharpe_Ratio,Max_Drawdown,Beta,Volatility_Score,Drawdown_Score,SRI,Risk_Level
SBI,0.23359960827166373,0.3156177788073759,0.5341891984309333,-0.594924760620468,1.2530671398254463,10.0,10.0,10.0,High Risk
Maruti,0.1681916145796293,0.2896602086138853,0.3562505705337763,-0.48046312085435267,1.0048804308866923,6.600070307948417,5.010968940080636,5.964429760801304,Medium Risk
Reliance,0.20380820703113275,0.2809529721866911,0.49406207007091485,-0.45088357336131274,1.1025063135815059,5.459594082945099,3.7216873826725867,4.7644314028360935,Medium Risk
Infosys,0.1947228493085801,0.2747059951708878,0.4722243110416383,-0.3654981677782793,0.8640318422277146,4.64136331314371,0.0,2.784817987886226,Low Risk
ITC,0.1256898874718989,0.23927040534793445,0.25364560812962583,-0.5111272552601235,0.6753461986031583,0.0,6.347524307350688,2.5390097229402753,Low Risk
HDFC_Bank,0.12959225541417851,0.2492294685199485,0.25916780947999535,-0.4105497174653741,1.0680754896557711,1.3044408367636486,1.9636585771939505,1.5681279329357696,Low Risk
